debug19K9B0:debugRW079M,initialized,0,,1545239842484
debug19K9B0:debugRW079M,window_resize,0,"[1032, 674]",1545239842484
debug19K9B0:debugRW079M,window_resize,1582,"[1280, 720]",1545239844066
A3RVHUY67SVXQV:3N4BPTXIOAOY17CUGULO6BYP9H5UK4,initialized,0,,1545240200285
A3RVHUY67SVXQV:3N4BPTXIOAOY17CUGULO6BYP9H5UK4,window_resize,0,"[1190, 919]",1545240200285
A3RVHUY67SVXQV:3N4BPTXIOAOY17CUGULO6BYP9H5UK4,focus,3058,off,1545240203343
A3RVHUY67SVXQV:3N4BPTXIOAOY17CUGULO6BYP9H5UK4,focus,37607,on,1545240240950
A3RVHUY67SVXQV:3N4BPTXIOAOY17CUGULO6BYP9H5UK4,window_resize,1369,"[1920, 1080]",1545240242319
A3RVHUY67SVXQV:3N4BPTXIOAOY17CUGULO6BYP9H5UK4,window_resize,14276,"[1190, 919]",1545240256595
A3RVHUY67SVXQV:3N4BPTXIOAOY17CUGULO6BYP9H5UK4,focus,5410,off,1545240262005
A3RVHUY67SVXQV:3N4BPTXIOAOY17CUGULO6BYP9H5UK4,focus,3134,on,1545240265139
A3RVHUY67SVXQV:3N4BPTXIOAOY17CUGULO6BYP9H5UK4,window_resize,3228,"[1920, 989]",1545240268367
A2C8RQ97YE3QV9:3TAYZSBPLN4N5EG02JKKREU77KZ2SB,initialized,0,,1545240211089
A2C8RQ97YE3QV9:3TAYZSBPLN4N5EG02JKKREU77KZ2SB,window_resize,0,"[1024, 659]",1545240211089
A2C8RQ97YE3QV9:3TAYZSBPLN4N5EG02JKKREU77KZ2SB,window_resize,3357,"[1280, 800]",1545240214446
A3BFMY5OX2WMUW:3SNVL38CI6O2FDVUU30OC5CJ2HZCKD,initialized,0,,1545240224551
A3BFMY5OX2WMUW:3SNVL38CI6O2FDVUU30OC5CJ2HZCKD,window_resize,0,"[1024, 773]",1545240224551
A3BFMY5OX2WMUW:3SNVL38CI6O2FDVUU30OC5CJ2HZCKD,window_resize,1617,"[1366, 674]",1545240226168
A3BFMY5OX2WMUW:3SNVL38CI6O2FDVUU30OC5CJ2HZCKD,focus,6680,off,1545240232848
A3BFMY5OX2WMUW:3SNVL38CI6O2FDVUU30OC5CJ2HZCKD,focus,727,on,1545240233575
A3BFMY5OX2WMUW:3SNVL38CI6O2FDVUU30OC5CJ2HZCKD,focus,1561,off,1545240235136
A3BFMY5OX2WMUW:3SNVL38CI6O2FDVUU30OC5CJ2HZCKD,focus,43164,on,1545240278300
A3BFMY5OX2WMUW:3SNVL38CI6O2FDVUU30OC5CJ2HZCKD,focus,962,off,1545240279262
A3BFMY5OX2WMUW:3SNVL38CI6O2FDVUU30OC5CJ2HZCKD,focus,39088,on,1545240318350
A3BFMY5OX2WMUW:3SNVL38CI6O2FDVUU30OC5CJ2HZCKD,focus,889,off,1545240319239
A3BFMY5OX2WMUW:3SNVL38CI6O2FDVUU30OC5CJ2HZCKD,focus,37658,on,1545240356897
A3BFMY5OX2WMUW:3SNVL38CI6O2FDVUU30OC5CJ2HZCKD,focus,1232,off,1545240358129
A3BFMY5OX2WMUW:3SNVL38CI6O2FDVUU30OC5CJ2HZCKD,focus,9443,on,1545240367572
A3BFMY5OX2WMUW:3SNVL38CI6O2FDVUU30OC5CJ2HZCKD,focus,1816,off,1545240369388
A3BFMY5OX2WMUW:3SNVL38CI6O2FDVUU30OC5CJ2HZCKD,focus,782,on,1545240370170
A3BFMY5OX2WMUW:3SNVL38CI6O2FDVUU30OC5CJ2HZCKD,focus,469,off,1545240370639
A3BFMY5OX2WMUW:3SNVL38CI6O2FDVUU30OC5CJ2HZCKD,focus,1170,on,1545240371809
A3BFMY5OX2WMUW:3SNVL38CI6O2FDVUU30OC5CJ2HZCKD,focus,1030,off,1545240372839
A3BFMY5OX2WMUW:3SNVL38CI6O2FDVUU30OC5CJ2HZCKD,focus,917,on,1545240373756
A3BFMY5OX2WMUW:3SNVL38CI6O2FDVUU30OC5CJ2HZCKD,focus,8282,off,1545240382038
A3BFMY5OX2WMUW:3SNVL38CI6O2FDVUU30OC5CJ2HZCKD,focus,1509691,on,1545241891729
A3BFMY5OX2WMUW:3SNVL38CI6O2FDVUU30OC5CJ2HZCKD,focus,593,off,1545241892322
A3BFMY5OX2WMUW:3SNVL38CI6O2FDVUU30OC5CJ2HZCKD,focus,1601436,on,1545243493758
A3BFMY5OX2WMUW:3SNVL38CI6O2FDVUU30OC5CJ2HZCKD,focus,841,off,1545243494599
A3BFMY5OX2WMUW:3SNVL38CI6O2FDVUU30OC5CJ2HZCKD,focus,168693,on,1545243663292
A3BFMY5OX2WMUW:3SNVL38CI6O2FDVUU30OC5CJ2HZCKD,focus,604,off,1545243663896
A3BFMY5OX2WMUW:3SNVL38CI6O2FDVUU30OC5CJ2HZCKD,focus,1215578,on,1545244879474
A3BFMY5OX2WMUW:3SNVL38CI6O2FDVUU30OC5CJ2HZCKD,focus,863,off,1545244880337
A3BFMY5OX2WMUW:3SNVL38CI6O2FDVUU30OC5CJ2HZCKD,focus,668,on,1545244881005
A3BFMY5OX2WMUW:3SNVL38CI6O2FDVUU30OC5CJ2HZCKD,focus,926,off,1545244881931
A3BFMY5OX2WMUW:3SNVL38CI6O2FDVUU30OC5CJ2HZCKD,focus,2294451,on,1545247176382
A3BFMY5OX2WMUW:3SNVL38CI6O2FDVUU30OC5CJ2HZCKD,window_resize,2093,"[1366, 768]",1545247178475
A3BFMY5OX2WMUW:3SNVL38CI6O2FDVUU30OC5CJ2HZCKD,window_resize,705481,"[1366, 674]",1545247883956
A3BFMY5OX2WMUW:3SNVL38CI6O2FDVUU30OC5CJ2HZCKD,focus,2357,off,1545247886313
A3BFMY5OX2WMUW:3SNVL38CI6O2FDVUU30OC5CJ2HZCKD,focus,25143,on,1545247911456
A3BFMY5OX2WMUW:3SNVL38CI6O2FDVUU30OC5CJ2HZCKD,focus,325426,off,1545248236882
A3BFMY5OX2WMUW:3SNVL38CI6O2FDVUU30OC5CJ2HZCKD,focus,789,on,1545248237671
A3BFMY5OX2WMUW:3SNVL38CI6O2FDVUU30OC5CJ2HZCKD,focus,65028,off,1545248302699
A3BFMY5OX2WMUW:3SNVL38CI6O2FDVUU30OC5CJ2HZCKD,focus,5158182,on,1545253460881
A3BFMY5OX2WMUW:3SNVL38CI6O2FDVUU30OC5CJ2HZCKD,focus,326844,off,1545253787725
A3BFMY5OX2WMUW:3SNVL38CI6O2FDVUU30OC5CJ2HZCKD,focus,11779,on,1545253799504
A3BFMY5OX2WMUW:3SNVL38CI6O2FDVUU30OC5CJ2HZCKD,focus,37369,off,1545253836873
A3BFMY5OX2WMUW:3SNVL38CI6O2FDVUU30OC5CJ2HZCKD,focus,404077,on,1545254240950
A3BFMY5OX2WMUW:3SNVL38CI6O2FDVUU30OC5CJ2HZCKD,focus,19311,off,1545254260261
A3BFMY5OX2WMUW:3SNVL38CI6O2FDVUU30OC5CJ2HZCKD,focus,7696,on,1545254267957
A3BFMY5OX2WMUW:3SNVL38CI6O2FDVUU30OC5CJ2HZCKD,focus,2516,off,1545254270473
A3BFMY5OX2WMUW:3SNVL38CI6O2FDVUU30OC5CJ2HZCKD,focus,100019,on,1545254370492
A3BFMY5OX2WMUW:3SNVL38CI6O2FDVUU30OC5CJ2HZCKD,focus,526,off,1545254371018
A3BFMY5OX2WMUW:3SNVL38CI6O2FDVUU30OC5CJ2HZCKD,focus,837,on,1545254371855
A3BFMY5OX2WMUW:3SNVL38CI6O2FDVUU30OC5CJ2HZCKD,focus,1074,off,1545254372929
A3BFMY5OX2WMUW:3SNVL38CI6O2FDVUU30OC5CJ2HZCKD,focus,606,on,1545254373535
A3BFMY5OX2WMUW:3SNVL38CI6O2FDVUU30OC5CJ2HZCKD,focus,2702,off,1545254376237
A3BFMY5OX2WMUW:3SNVL38CI6O2FDVUU30OC5CJ2HZCKD,focus,346290,on,1545254722527
A3BFMY5OX2WMUW:3SNVL38CI6O2FDVUU30OC5CJ2HZCKD,focus,138610,off,1545254861137
A3BFMY5OX2WMUW:3SNVL38CI6O2FDVUU30OC5CJ2HZCKD,focus,316691,on,1545255177828
A3BFMY5OX2WMUW:3SNVL38CI6O2FDVUU30OC5CJ2HZCKD,focus,503399,off,1545255681227
A3BFMY5OX2WMUW:3SNVL38CI6O2FDVUU30OC5CJ2HZCKD,focus,1077,on,1545255682304
A3BFMY5OX2WMUW:3SNVL38CI6O2FDVUU30OC5CJ2HZCKD,focus,291446,off,1545255973750
A3BFMY5OX2WMUW:3SNVL38CI6O2FDVUU30OC5CJ2HZCKD,focus,80515,on,1545256054265
A3BFMY5OX2WMUW:3SNVL38CI6O2FDVUU30OC5CJ2HZCKD,focus,48622,off,1545256102887
A3BFMY5OX2WMUW:3SNVL38CI6O2FDVUU30OC5CJ2HZCKD,focus,1370,on,1545256104257
A3BFMY5OX2WMUW:3SNVL38CI6O2FDVUU30OC5CJ2HZCKD,focus,837,off,1545256105094
A3BFMY5OX2WMUW:3SNVL38CI6O2FDVUU30OC5CJ2HZCKD,focus,1284,on,1545256106378
A3BFMY5OX2WMUW:3SNVL38CI6O2FDVUU30OC5CJ2HZCKD,focus,372,off,1545256106750
A3BFMY5OX2WMUW:3SNVL38CI6O2FDVUU30OC5CJ2HZCKD,focus,988,on,1545256107738
A3BFMY5OX2WMUW:3SNVL38CI6O2FDVUU30OC5CJ2HZCKD,focus,1525,off,1545256109263
A3BFMY5OX2WMUW:3SNVL38CI6O2FDVUU30OC5CJ2HZCKD,focus,904,on,1545256110167
A3BFMY5OX2WMUW:3SNVL38CI6O2FDVUU30OC5CJ2HZCKD,focus,342,off,1545256110509
A3BFMY5OX2WMUW:3SNVL38CI6O2FDVUU30OC5CJ2HZCKD,focus,6644,on,1545256117153
A3BFMY5OX2WMUW:3SNVL38CI6O2FDVUU30OC5CJ2HZCKD,focus,42948,off,1545256160101
A3BFMY5OX2WMUW:3SNVL38CI6O2FDVUU30OC5CJ2HZCKD,focus,544260,on,1545256704361
A3BFMY5OX2WMUW:3SNVL38CI6O2FDVUU30OC5CJ2HZCKD,focus,1128,off,1545256705489
A3BFMY5OX2WMUW:3SNVL38CI6O2FDVUU30OC5CJ2HZCKD,focus,418544,on,1545257124033
A3BFMY5OX2WMUW:3SNVL38CI6O2FDVUU30OC5CJ2HZCKD,focus,1714,off,1545257125747
A3BFMY5OX2WMUW:3SNVL38CI6O2FDVUU30OC5CJ2HZCKD,focus,4854,on,1545257130601
ALSPLE0B3FHKO:3Z4AIRP3C89OCAK3DPQTL31UUTMX1W,initialized,0,,1545240244852
ALSPLE0B3FHKO:3Z4AIRP3C89OCAK3DPQTL31UUTMX1W,window_resize,0,"[1024, 771]",1545240244852
ALSPLE0B3FHKO:3Z4AIRP3C89OCAK3DPQTL31UUTMX1W,window_resize,6154,"[1920, 1080]",1545240251006
A38QGJJOZANQ4B:3V0Z7YWSI0W3X6X4WEPP21EE6OT2VG,initialized,0,,1545240302060
A38QGJJOZANQ4B:3V0Z7YWSI0W3X6X4WEPP21EE6OT2VG,window_resize,0,"[1024, 768]",1545240302060
A38QGJJOZANQ4B:3V0Z7YWSI0W3X6X4WEPP21EE6OT2VG,window_resize,3659,"[1600, 900]",1545240305719
A38QGJJOZANQ4B:3V0Z7YWSI0W3X6X4WEPP21EE6OT2VG,focus,906801,off,1545241212520
A38QGJJOZANQ4B:3V0Z7YWSI0W3X6X4WEPP21EE6OT2VG,window_resize,204,"[1600, 899]",1545241212724
A38QGJJOZANQ4B:3V0Z7YWSI0W3X6X4WEPP21EE6OT2VG,focus,17394,on,1545241230118
A38QGJJOZANQ4B:3V0Z7YWSI0W3X6X4WEPP21EE6OT2VG,window_resize,204,"[1600, 900]",1545241230322
APR6H3HAOE9OU:3U5JL4WY5M5549HM079VJ18X6DWX49,initialized,0,,1545240354174
APR6H3HAOE9OU:3U5JL4WY5M5549HM079VJ18X6DWX49,window_resize,1,"[1920, 989]",1545240354175
APR6H3HAOE9OU:3U5JL4WY5M5549HM079VJ18X6DWX49,window_resize,3539,"[1920, 1080]",1545240357714
APR6H3HAOE9OU:3U5JL4WY5M5549HM079VJ18X6DWX49,focus,35484,off,1545240393198
APR6H3HAOE9OU:3U5JL4WY5M5549HM079VJ18X6DWX49,focus,48642,on,1545240441840
APR6H3HAOE9OU:3U5JL4WY5M5549HM079VJ18X6DWX49,focus,412316,off,1545240854156
APR6H3HAOE9OU:3U5JL4WY5M5549HM079VJ18X6DWX49,focus,35213,on,1545240889369
APR6H3HAOE9OU:3U5JL4WY5M5549HM079VJ18X6DWX49,focus,151515,off,1545241040884
APR6H3HAOE9OU:3U5JL4WY5M5549HM079VJ18X6DWX49,focus,833,on,1545241041717
APR6H3HAOE9OU:3U5JL4WY5M5549HM079VJ18X6DWX49,focus,164113,off,1545241205830
APR6H3HAOE9OU:3U5JL4WY5M5549HM079VJ18X6DWX49,focus,7365,on,1545241213195
APR6H3HAOE9OU:3U5JL4WY5M5549HM079VJ18X6DWX49,focus,1139216,off,1545242352411
APR6H3HAOE9OU:3U5JL4WY5M5549HM079VJ18X6DWX49,focus,5362,on,1545242357773
A1CGDMOPDIC7EU:3TE3O857324B4ZGNNUKF14PBLIG2RN,initialized,0,,1545240712209
A1CGDMOPDIC7EU:3TE3O857324B4ZGNNUKF14PBLIG2RN,window_resize,0,"[1920, 999]",1545240712209
A1CGDMOPDIC7EU:3TE3O857324B4ZGNNUKF14PBLIG2RN,window_resize,14429,"[1920, 1080]",1545240726638
A1CGDMOPDIC7EU:3TE3O857324B4ZGNNUKF14PBLIG2RN,focus,510801,off,1545241237439
A1CGDMOPDIC7EU:3TE3O857324B4ZGNNUKF14PBLIG2RN,focus,116509,on,1545241353948
A4SC8G0149GEG:30IQTZXKAM2O5LZLH6MT7YIKP1GX0T,initialized,0,,1545240762584
A4SC8G0149GEG:30IQTZXKAM2O5LZLH6MT7YIKP1GX0T,window_resize,1,"[1024, 771]",1545240762585
A4SC8G0149GEG:30IQTZXKAM2O5LZLH6MT7YIKP1GX0T,window_resize,4168,"[1600, 900]",1545240766753
A2DWPP1KKAY0HG:3E47SOBEYSSB9I56U0FCZPX6ADACI2,initialized,0,,1545240796488
A2DWPP1KKAY0HG:3E47SOBEYSSB9I56U0FCZPX6ADACI2,window_resize,0,"[853, 616]",1545240796488
A2DWPP1KKAY0HG:3E47SOBEYSSB9I56U0FCZPX6ADACI2,focus,3385,off,1545240799873
A2DWPP1KKAY0HG:3E47SOBEYSSB9I56U0FCZPX6ADACI2,focus,4936,on,1545240804809
A2DWPP1KKAY0HG:3E47SOBEYSSB9I56U0FCZPX6ADACI2,window_resize,9146,"[853, 683]",1545240813955
A2DWPP1KKAY0HG:3E47SOBEYSSB9I56U0FCZPX6ADACI2,window_resize,515557,"[960, 768]",1545241329512
A2DWPP1KKAY0HG:3E47SOBEYSSB9I56U0FCZPX6ADACI2,focus,1907687,off,1545243237199
A2DWPP1KKAY0HG:3E47SOBEYSSB9I56U0FCZPX6ADACI2,focus,4082,on,1545243241281
AVNXCGTZQ1CFK:3K4J6M3CXGP9KC2DKYJI8IU2VXXAG6,initialized,0,,1545241120621
AVNXCGTZQ1CFK:3K4J6M3CXGP9KC2DKYJI8IU2VXXAG6,window_resize,0,"[1920, 989]",1545241120621
AVNXCGTZQ1CFK:3K4J6M3CXGP9KC2DKYJI8IU2VXXAG6,window_resize,11049,"[1920, 1080]",1545241131670
AVNXCGTZQ1CFK:3K4J6M3CXGP9KC2DKYJI8IU2VXXAG6,focus,925249,off,1545242056919
AVNXCGTZQ1CFK:3K4J6M3CXGP9KC2DKYJI8IU2VXXAG6,focus,2144,on,1545242059063
AVNXCGTZQ1CFK:3K4J6M3CXGP9KC2DKYJI8IU2VXXAG6,focus,1442,off,1545242060505
AVNXCGTZQ1CFK:3K4J6M3CXGP9KC2DKYJI8IU2VXXAG6,window_resize,12319,"[1920, 1079]",1545242072824
AVNXCGTZQ1CFK:3K4J6M3CXGP9KC2DKYJI8IU2VXXAG6,focus,28261,on,1545242101085
AVNXCGTZQ1CFK:3K4J6M3CXGP9KC2DKYJI8IU2VXXAG6,window_resize,206,"[1920, 1080]",1545242101291
AVNXCGTZQ1CFK:3K4J6M3CXGP9KC2DKYJI8IU2VXXAG6,focus,447755,off,1545242549046
AVNXCGTZQ1CFK:3K4J6M3CXGP9KC2DKYJI8IU2VXXAG6,focus,2090,on,1545242551136
AVNXCGTZQ1CFK:3K4J6M3CXGP9KC2DKYJI8IU2VXXAG6,focus,5786,off,1545242556922
AVNXCGTZQ1CFK:3K4J6M3CXGP9KC2DKYJI8IU2VXXAG6,focus,1148,on,1545242558070
AVNXCGTZQ1CFK:3K4J6M3CXGP9KC2DKYJI8IU2VXXAG6,focus,516567,off,1545243074637
AVNXCGTZQ1CFK:3K4J6M3CXGP9KC2DKYJI8IU2VXXAG6,window_resize,6339,"[1920, 1079]",1545243080976
AVNXCGTZQ1CFK:3K4J6M3CXGP9KC2DKYJI8IU2VXXAG6,focus,38587,on,1545243119563
AVNXCGTZQ1CFK:3K4J6M3CXGP9KC2DKYJI8IU2VXXAG6,window_resize,212,"[1920, 1080]",1545243119775
AVNXCGTZQ1CFK:3K4J6M3CXGP9KC2DKYJI8IU2VXXAG6,focus,420898,off,1545243540673
AVNXCGTZQ1CFK:3K4J6M3CXGP9KC2DKYJI8IU2VXXAG6,window_resize,209,"[1920, 1079]",1545243540882
AVNXCGTZQ1CFK:3K4J6M3CXGP9KC2DKYJI8IU2VXXAG6,focus,2534,on,1545243543416
AVNXCGTZQ1CFK:3K4J6M3CXGP9KC2DKYJI8IU2VXXAG6,window_resize,206,"[1920, 1080]",1545243543622
A3908297ZI3LES:3DZQRBDBSNBCQWCJ6JYPAOZZDYYS3B,initialized,0,,1545241275499
A3908297ZI3LES:3DZQRBDBSNBCQWCJ6JYPAOZZDYYS3B,window_resize,0,"[1024, 768]",1545241275499
A3908297ZI3LES:3DZQRBDBSNBCQWCJ6JYPAOZZDYYS3B,window_resize,2539,"[1920, 1080]",1545241278038
A3908297ZI3LES:3DZQRBDBSNBCQWCJ6JYPAOZZDYYS3B,window_resize,15242,"[1024, 768]",1545241293280
A3908297ZI3LES:3DZQRBDBSNBCQWCJ6JYPAOZZDYYS3B,focus,720338,off,1545242013618
A3908297ZI3LES:3DZQRBDBSNBCQWCJ6JYPAOZZDYYS3B,focus,7116,on,1545242020734
A3908297ZI3LES:3DZQRBDBSNBCQWCJ6JYPAOZZDYYS3B,focus,99502,off,1545242120236
A3908297ZI3LES:3DZQRBDBSNBCQWCJ6JYPAOZZDYYS3B,focus,116934,on,1545242237170
A3908297ZI3LES:3DZQRBDBSNBCQWCJ6JYPAOZZDYYS3B,focus,119643,off,1545242356813
A3908297ZI3LES:3DZQRBDBSNBCQWCJ6JYPAOZZDYYS3B,focus,9980,on,1545242366793
A3908297ZI3LES:3DZQRBDBSNBCQWCJ6JYPAOZZDYYS3B,focus,60482,off,1545242427275
A3908297ZI3LES:3DZQRBDBSNBCQWCJ6JYPAOZZDYYS3B,focus,4105,on,1545242431380
A3908297ZI3LES:3DZQRBDBSNBCQWCJ6JYPAOZZDYYS3B,focus,502016,off,1545242933396
A3908297ZI3LES:3DZQRBDBSNBCQWCJ6JYPAOZZDYYS3B,focus,649809,on,1545243583205
A3908297ZI3LES:3DZQRBDBSNBCQWCJ6JYPAOZZDYYS3B,focus,1295,off,1545243584500
A9A2IX3OBORBE:3PQ8K71NHZG8ALPAYYR8CWJZX2KAAU,initialized,0,,1545241696342
A9A2IX3OBORBE:3PQ8K71NHZG8ALPAYYR8CWJZX2KAAU,window_resize,0,"[1024, 771]",1545241696342
A9A2IX3OBORBE:3PQ8K71NHZG8ALPAYYR8CWJZX2KAAU,window_resize,6243,"[1600, 900]",1545241702585
A9A2IX3OBORBE:3PQ8K71NHZG8ALPAYYR8CWJZX2KAAU,window_resize,65263,"[1024, 771]",1545241767848
A9A2IX3OBORBE:3PQ8K71NHZG8ALPAYYR8CWJZX2KAAU,focus,960,off,1545241768808
A9A2IX3OBORBE:3PQ8K71NHZG8ALPAYYR8CWJZX2KAAU,focus,3804,on,1545241772612
A9A2IX3OBORBE:3PQ8K71NHZG8ALPAYYR8CWJZX2KAAU,window_resize,1345,"[1600, 809]",1545241773957
A9A2IX3OBORBE:3PQ8K71NHZG8ALPAYYR8CWJZX2KAAU,focus,1029360,off,1545242803317
A9A2IX3OBORBE:3PQ8K71NHZG8ALPAYYR8CWJZX2KAAU,focus,2794,on,1545242806111
A1G17IJC53N6K3:39LNWE0K4WS7VCM6GR0CTVJCHDGUIT,initialized,0,,1545242507714
A1G17IJC53N6K3:39LNWE0K4WS7VCM6GR0CTVJCHDGUIT,window_resize,1,"[1360, 677]",1545242507715
A1G17IJC53N6K3:39LNWE0K4WS7VCM6GR0CTVJCHDGUIT,focus,10256,off,1545242517971
A1G17IJC53N6K3:39LNWE0K4WS7VCM6GR0CTVJCHDGUIT,focus,96484,on,1545242614455
A1G17IJC53N6K3:39LNWE0K4WS7VCM6GR0CTVJCHDGUIT,window_resize,858,"[1360, 768]",1545242615313
A1G17IJC53N6K3:39LNWE0K4WS7VCM6GR0CTVJCHDGUIT,focus,33832,off,1545242649145
A1G17IJC53N6K3:39LNWE0K4WS7VCM6GR0CTVJCHDGUIT,focus,5198,on,1545242654343
A1G17IJC53N6K3:39LNWE0K4WS7VCM6GR0CTVJCHDGUIT,focus,402841,off,1545243057184
A1G17IJC53N6K3:39LNWE0K4WS7VCM6GR0CTVJCHDGUIT,focus,10367,on,1545243067551
A1G17IJC53N6K3:39LNWE0K4WS7VCM6GR0CTVJCHDGUIT,focus,567614,off,1545243635165
A1G17IJC53N6K3:39LNWE0K4WS7VCM6GR0CTVJCHDGUIT,focus,956,on,1545243636121
A1G17IJC53N6K3:39LNWE0K4WS7VCM6GR0CTVJCHDGUIT,focus,2076,off,1545243638197
A1G17IJC53N6K3:39LNWE0K4WS7VCM6GR0CTVJCHDGUIT,focus,1167,on,1545243639364
A1G17IJC53N6K3:39LNWE0K4WS7VCM6GR0CTVJCHDGUIT,focus,21568,off,1545243660932
A1G17IJC53N6K3:39LNWE0K4WS7VCM6GR0CTVJCHDGUIT,focus,1937,on,1545243662869
A1G17IJC53N6K3:39LNWE0K4WS7VCM6GR0CTVJCHDGUIT,focus,6284,off,1545243669153
A1G17IJC53N6K3:39LNWE0K4WS7VCM6GR0CTVJCHDGUIT,focus,1034,on,1545243670187
A1G17IJC53N6K3:39LNWE0K4WS7VCM6GR0CTVJCHDGUIT,focus,11370,off,1545243681557
A1G17IJC53N6K3:39LNWE0K4WS7VCM6GR0CTVJCHDGUIT,focus,907,on,1545243682464
A1G17IJC53N6K3:39LNWE0K4WS7VCM6GR0CTVJCHDGUIT,focus,27235,off,1545243709699
A1G17IJC53N6K3:39LNWE0K4WS7VCM6GR0CTVJCHDGUIT,focus,1218,on,1545243710917
A1G17IJC53N6K3:39LNWE0K4WS7VCM6GR0CTVJCHDGUIT,focus,2948,off,1545243713865
A1G17IJC53N6K3:39LNWE0K4WS7VCM6GR0CTVJCHDGUIT,focus,1166,on,1545243715031
A1G17IJC53N6K3:39LNWE0K4WS7VCM6GR0CTVJCHDGUIT,focus,73209,off,1545243788240
A1G17IJC53N6K3:39LNWE0K4WS7VCM6GR0CTVJCHDGUIT,focus,39632,on,1545243827872
A23EWFNNOUS10B:378XPAWRUE9NG388AMJLTU7IAAPAIY,initialized,0,,1545243472287
A23EWFNNOUS10B:378XPAWRUE9NG388AMJLTU7IAAPAIY,window_resize,0,"[1682, 961]",1545243472287
A23EWFNNOUS10B:378XPAWRUE9NG388AMJLTU7IAAPAIY,focus,1935497,on,1545245407784
A23EWFNNOUS10B:378XPAWRUE9NG388AMJLTU7IAAPAIY,window_resize,872,"[1680, 1050]",1545245408656
A23EWFNNOUS10B:378XPAWRUE9NG388AMJLTU7IAAPAIY,window_resize,1354,"[1682, 961]",1545245410010
A23EWFNNOUS10B:378XPAWRUE9NG388AMJLTU7IAAPAIY,focus,831151,off,1545246241161
A23EWFNNOUS10B:378XPAWRUE9NG388AMJLTU7IAAPAIY,focus,1963,on,1545246243124
A23EWFNNOUS10B:378XPAWRUE9NG388AMJLTU7IAAPAIY,focus,19621,off,1545246262745
A23EWFNNOUS10B:378XPAWRUE9NG388AMJLTU7IAAPAIY,focus,2828,on,1545246265573
A23EWFNNOUS10B:378XPAWRUE9NG388AMJLTU7IAAPAIY,focus,3332,off,1545246268905
A23EWFNNOUS10B:378XPAWRUE9NG388AMJLTU7IAAPAIY,focus,339,on,1545246269244
A23EWFNNOUS10B:378XPAWRUE9NG388AMJLTU7IAAPAIY,focus,1664,off,1545246270908
A23EWFNNOUS10B:378XPAWRUE9NG388AMJLTU7IAAPAIY,focus,2177,on,1545246273085
A23EWFNNOUS10B:378XPAWRUE9NG388AMJLTU7IAAPAIY,focus,341574,off,1545246614659
A23EWFNNOUS10B:378XPAWRUE9NG388AMJLTU7IAAPAIY,focus,1848,on,1545246616507
A23EWFNNOUS10B:378XPAWRUE9NG388AMJLTU7IAAPAIY,focus,368,off,1545246616875
A23EWFNNOUS10B:378XPAWRUE9NG388AMJLTU7IAAPAIY,focus,1102,on,1545246617977
A23EWFNNOUS10B:378XPAWRUE9NG388AMJLTU7IAAPAIY,focus,6,off,1545246617983
A23EWFNNOUS10B:378XPAWRUE9NG388AMJLTU7IAAPAIY,focus,28,on,1545246618011
A23EWFNNOUS10B:378XPAWRUE9NG388AMJLTU7IAAPAIY,focus,3,off,1545246618014
A23EWFNNOUS10B:378XPAWRUE9NG388AMJLTU7IAAPAIY,focus,5312,on,1545246623326
A23EWFNNOUS10B:378XPAWRUE9NG388AMJLTU7IAAPAIY,focus,890209,off,1545247513535
A23EWFNNOUS10B:378XPAWRUE9NG388AMJLTU7IAAPAIY,focus,292,on,1545247513827
A23EWFNNOUS10B:378XPAWRUE9NG388AMJLTU7IAAPAIY,focus,2718,off,1545247516545
A23EWFNNOUS10B:378XPAWRUE9NG388AMJLTU7IAAPAIY,focus,250,on,1545247516795
A23EWFNNOUS10B:378XPAWRUE9NG388AMJLTU7IAAPAIY,focus,6846,off,1545247523641
A23EWFNNOUS10B:378XPAWRUE9NG388AMJLTU7IAAPAIY,focus,1154,on,1545247524795
A23EWFNNOUS10B:378XPAWRUE9NG388AMJLTU7IAAPAIY,focus,5935,off,1545247530730
A23EWFNNOUS10B:378XPAWRUE9NG388AMJLTU7IAAPAIY,focus,76,on,1545247530806
A23EWFNNOUS10B:378XPAWRUE9NG388AMJLTU7IAAPAIY,focus,1392,off,1545247532198
A23EWFNNOUS10B:378XPAWRUE9NG388AMJLTU7IAAPAIY,focus,324,on,1545247532522
A23EWFNNOUS10B:378XPAWRUE9NG388AMJLTU7IAAPAIY,focus,63389,off,1545247595911
A23EWFNNOUS10B:378XPAWRUE9NG388AMJLTU7IAAPAIY,focus,5051,on,1545247600962
A23EWFNNOUS10B:378XPAWRUE9NG388AMJLTU7IAAPAIY,focus,1348,off,1545247602310
A23EWFNNOUS10B:378XPAWRUE9NG388AMJLTU7IAAPAIY,focus,275,on,1545247602585
A23EWFNNOUS10B:378XPAWRUE9NG388AMJLTU7IAAPAIY,focus,3237,off,1545247605822
A23EWFNNOUS10B:378XPAWRUE9NG388AMJLTU7IAAPAIY,focus,316,on,1545247606138
A23EWFNNOUS10B:378XPAWRUE9NG388AMJLTU7IAAPAIY,focus,2943,off,1545247609081
A23EWFNNOUS10B:378XPAWRUE9NG388AMJLTU7IAAPAIY,focus,425,on,1545247609506
AVJUIF9QHQRY8:3P59JYT76NGOKETFRJPA1JQT93D2T0,initialized,0,,1545243553343
AVJUIF9QHQRY8:3P59JYT76NGOKETFRJPA1JQT93D2T0,window_resize,0,"[1028, 780]",1545243553343
AVJUIF9QHQRY8:3P59JYT76NGOKETFRJPA1JQT93D2T0,window_resize,5246,"[1536, 864]",1545243558589
AVJUIF9QHQRY8:3P59JYT76NGOKETFRJPA1JQT93D2T0,window_resize,1151,"[1028, 780]",1545243559740
AVJUIF9QHQRY8:3P59JYT76NGOKETFRJPA1JQT93D2T0,focus,26032,off,1545243585772
AVJUIF9QHQRY8:3P59JYT76NGOKETFRJPA1JQT93D2T0,focus,11629,on,1545243597401
AVJUIF9QHQRY8:3P59JYT76NGOKETFRJPA1JQT93D2T0,focus,7243,off,1545243604644
AVJUIF9QHQRY8:3P59JYT76NGOKETFRJPA1JQT93D2T0,focus,4726,on,1545243609370
AVJUIF9QHQRY8:3P59JYT76NGOKETFRJPA1JQT93D2T0,focus,415451,off,1545244024821
AVJUIF9QHQRY8:3P59JYT76NGOKETFRJPA1JQT93D2T0,focus,3768174,on,1545247792995
AVJUIF9QHQRY8:3P59JYT76NGOKETFRJPA1JQT93D2T0,focus,193560,off,1545247986555
AVJUIF9QHQRY8:3P59JYT76NGOKETFRJPA1JQT93D2T0,focus,2303,on,1545247988858
AVJUIF9QHQRY8:3P59JYT76NGOKETFRJPA1JQT93D2T0,focus,77166,off,1545248066024
AVJUIF9QHQRY8:3P59JYT76NGOKETFRJPA1JQT93D2T0,focus,16187,on,1545248082211
AVJUIF9QHQRY8:3P59JYT76NGOKETFRJPA1JQT93D2T0,focus,2301,off,1545248084512
AVJUIF9QHQRY8:3P59JYT76NGOKETFRJPA1JQT93D2T0,focus,22799,on,1545248107311
AVJUIF9QHQRY8:3P59JYT76NGOKETFRJPA1JQT93D2T0,focus,1338,off,1545248108649
AVJUIF9QHQRY8:3P59JYT76NGOKETFRJPA1JQT93D2T0,focus,5219,on,1545248113868
AVJUIF9QHQRY8:3P59JYT76NGOKETFRJPA1JQT93D2T0,focus,32391,off,1545248146259
AVJUIF9QHQRY8:3P59JYT76NGOKETFRJPA1JQT93D2T0,focus,2582,on,1545248148841
AVJUIF9QHQRY8:3P59JYT76NGOKETFRJPA1JQT93D2T0,focus,18918,off,1545248167759
AVJUIF9QHQRY8:3P59JYT76NGOKETFRJPA1JQT93D2T0,focus,4091,on,1545248171850
AVJUIF9QHQRY8:3P59JYT76NGOKETFRJPA1JQT93D2T0,focus,1723,off,1545248173573
AVJUIF9QHQRY8:3P59JYT76NGOKETFRJPA1JQT93D2T0,focus,1710,on,1545248175283
AVJUIF9QHQRY8:3P59JYT76NGOKETFRJPA1JQT93D2T0,focus,51332,off,1545248226615
AVJUIF9QHQRY8:3P59JYT76NGOKETFRJPA1JQT93D2T0,focus,12167,on,1545248238782
AVJUIF9QHQRY8:3P59JYT76NGOKETFRJPA1JQT93D2T0,focus,23008,off,1545248261790
AVJUIF9QHQRY8:3P59JYT76NGOKETFRJPA1JQT93D2T0,focus,1450,on,1545248263240
AVJUIF9QHQRY8:3P59JYT76NGOKETFRJPA1JQT93D2T0,focus,3012,off,1545248266252
AVJUIF9QHQRY8:3P59JYT76NGOKETFRJPA1JQT93D2T0,focus,30562,on,1545248296814
AVJUIF9QHQRY8:3P59JYT76NGOKETFRJPA1JQT93D2T0,focus,10662,off,1545248307476
AVJUIF9QHQRY8:3P59JYT76NGOKETFRJPA1JQT93D2T0,focus,2398,on,1545248309874
AVJUIF9QHQRY8:3P59JYT76NGOKETFRJPA1JQT93D2T0,focus,87056,off,1545248396930
AVJUIF9QHQRY8:3P59JYT76NGOKETFRJPA1JQT93D2T0,focus,2623,on,1545248399553
AVJUIF9QHQRY8:3P59JYT76NGOKETFRJPA1JQT93D2T0,focus,18377,off,1545248417930
AVJUIF9QHQRY8:3P59JYT76NGOKETFRJPA1JQT93D2T0,focus,1050,on,1545248418980
AVJUIF9QHQRY8:3P59JYT76NGOKETFRJPA1JQT93D2T0,focus,91844,off,1545248510824
AVJUIF9QHQRY8:3P59JYT76NGOKETFRJPA1JQT93D2T0,focus,24762,on,1545248535586
AVJUIF9QHQRY8:3P59JYT76NGOKETFRJPA1JQT93D2T0,focus,1390,off,1545248536976
AVJUIF9QHQRY8:3P59JYT76NGOKETFRJPA1JQT93D2T0,focus,69998,on,1545248606974
AVJUIF9QHQRY8:3P59JYT76NGOKETFRJPA1JQT93D2T0,focus,8871,off,1545248615845
AVJUIF9QHQRY8:3P59JYT76NGOKETFRJPA1JQT93D2T0,focus,7555,on,1545248623400
AVJUIF9QHQRY8:3P59JYT76NGOKETFRJPA1JQT93D2T0,focus,8571,off,1545248631971
AVJUIF9QHQRY8:3P59JYT76NGOKETFRJPA1JQT93D2T0,focus,144386,on,1545248776357
AVJUIF9QHQRY8:3P59JYT76NGOKETFRJPA1JQT93D2T0,focus,180001,off,1545248956358
AVJUIF9QHQRY8:3P59JYT76NGOKETFRJPA1JQT93D2T0,focus,13735,on,1545248970093
AVJUIF9QHQRY8:3P59JYT76NGOKETFRJPA1JQT93D2T0,focus,1015,off,1545248971108
AVJUIF9QHQRY8:3P59JYT76NGOKETFRJPA1JQT93D2T0,focus,14996,on,1545248986104
AVJUIF9QHQRY8:3P59JYT76NGOKETFRJPA1JQT93D2T0,focus,50284,off,1545249036388
AVJUIF9QHQRY8:3P59JYT76NGOKETFRJPA1JQT93D2T0,focus,3417,on,1545249039805
AVJUIF9QHQRY8:3P59JYT76NGOKETFRJPA1JQT93D2T0,focus,196235,off,1545249236040
AVJUIF9QHQRY8:3P59JYT76NGOKETFRJPA1JQT93D2T0,focus,67951,on,1545249303991
AVJUIF9QHQRY8:3P59JYT76NGOKETFRJPA1JQT93D2T0,focus,650081,off,1545249954072
AVJUIF9QHQRY8:3P59JYT76NGOKETFRJPA1JQT93D2T0,focus,14100,on,1545249968172
AVJUIF9QHQRY8:3P59JYT76NGOKETFRJPA1JQT93D2T0,focus,1012,off,1545249969184
AVJUIF9QHQRY8:3P59JYT76NGOKETFRJPA1JQT93D2T0,focus,23987,on,1545249993171
AVJUIF9QHQRY8:3P59JYT76NGOKETFRJPA1JQT93D2T0,window_resize,41787,"[1536, 774]",1545250034958
AVJUIF9QHQRY8:3P59JYT76NGOKETFRJPA1JQT93D2T0,window_resize,479,"[1028, 780]",1545250035437
AVJUIF9QHQRY8:3P59JYT76NGOKETFRJPA1JQT93D2T0,focus,3815,off,1545250039252
AVJUIF9QHQRY8:3P59JYT76NGOKETFRJPA1JQT93D2T0,focus,55517,on,1545250094769
AVJUIF9QHQRY8:3P59JYT76NGOKETFRJPA1JQT93D2T0,focus,9574,off,1545250104343
AVJUIF9QHQRY8:3P59JYT76NGOKETFRJPA1JQT93D2T0,focus,93982,on,1545250198325
AVJUIF9QHQRY8:3P59JYT76NGOKETFRJPA1JQT93D2T0,focus,1188,off,1545250199513
AVJUIF9QHQRY8:3P59JYT76NGOKETFRJPA1JQT93D2T0,focus,190726,on,1545250390239
AVJUIF9QHQRY8:3P59JYT76NGOKETFRJPA1JQT93D2T0,focus,8800,off,1545250399039
AVJUIF9QHQRY8:3P59JYT76NGOKETFRJPA1JQT93D2T0,focus,7476,on,1545250406515
AVJUIF9QHQRY8:3P59JYT76NGOKETFRJPA1JQT93D2T0,focus,521017,off,1545250927532
AVJUIF9QHQRY8:3P59JYT76NGOKETFRJPA1JQT93D2T0,focus,5861,on,1545250933393
A2M6URTK6WO6XJ:37Q970SNZG4GGTY4JFK6MVK2FEKS1J,initialized,0,,1545244797199
A2M6URTK6WO6XJ:37Q970SNZG4GGTY4JFK6MVK2FEKS1J,window_resize,0,"[1366, 677]",1545244797199
A2M6URTK6WO6XJ:37Q970SNZG4GGTY4JFK6MVK2FEKS1J,window_resize,3178,"[1366, 768]",1545244800377
A18E16UFE351U6:3MH9DQ757Y8TZLGBQ3098J6W20OUG1,initialized,0,,1545249397951
A18E16UFE351U6:3MH9DQ757Y8TZLGBQ3098J6W20OUG1,window_resize,0,"[1366, 677]",1545249397951
A18E16UFE351U6:3MH9DQ757Y8TZLGBQ3098J6W20OUG1,focus,11203,off,1545249409154
A18E16UFE351U6:3MH9DQ757Y8TZLGBQ3098J6W20OUG1,focus,6622,on,1545249415776
A18E16UFE351U6:3MH9DQ757Y8TZLGBQ3098J6W20OUG1,window_resize,1168,"[1366, 768]",1545249416944
A1AQQFJAF8CI4H:358UUM7WR1ZIQ0DTT61AXV6JWY27R8,initialized,0,,1545250698647
A1AQQFJAF8CI4H:358UUM7WR1ZIQ0DTT61AXV6JWY27R8,window_resize,0,"[1022, 767]",1545250698647
A1AQQFJAF8CI4H:358UUM7WR1ZIQ0DTT61AXV6JWY27R8,focus,5561,off,1545250704208
A1AQQFJAF8CI4H:358UUM7WR1ZIQ0DTT61AXV6JWY27R8,focus,51085,on,1545250755293
A1AQQFJAF8CI4H:358UUM7WR1ZIQ0DTT61AXV6JWY27R8,window_resize,1730,"[1600, 841]",1545250757023
A1AQQFJAF8CI4H:358UUM7WR1ZIQ0DTT61AXV6JWY27R8,window_resize,1383,"[1600, 900]",1545250758406
A1AQQFJAF8CI4H:358UUM7WR1ZIQ0DTT61AXV6JWY27R8,focus,35259,off,1545250793665
A1AQQFJAF8CI4H:358UUM7WR1ZIQ0DTT61AXV6JWY27R8,focus,38993,on,1545250832658
A1AQQFJAF8CI4H:358UUM7WR1ZIQ0DTT61AXV6JWY27R8,focus,592668,off,1545251425326
A1AQQFJAF8CI4H:358UUM7WR1ZIQ0DTT61AXV6JWY27R8,focus,1221,on,1545251426547
A1AQQFJAF8CI4H:358UUM7WR1ZIQ0DTT61AXV6JWY27R8,focus,12528,off,1545251439075
A1AQQFJAF8CI4H:358UUM7WR1ZIQ0DTT61AXV6JWY27R8,focus,2292,on,1545251441367
A1AQQFJAF8CI4H:358UUM7WR1ZIQ0DTT61AXV6JWY27R8,focus,5857,off,1545251447224
A1AQQFJAF8CI4H:358UUM7WR1ZIQ0DTT61AXV6JWY27R8,focus,33082,on,1545251480306
A1AQQFJAF8CI4H:358UUM7WR1ZIQ0DTT61AXV6JWY27R8,focus,198647,off,1545251678953
A1AQQFJAF8CI4H:358UUM7WR1ZIQ0DTT61AXV6JWY27R8,focus,17346,on,1545251696299
A1AQQFJAF8CI4H:358UUM7WR1ZIQ0DTT61AXV6JWY27R8,window_resize,18793,"[1600, 841]",1545251715092
A1AQQFJAF8CI4H:358UUM7WR1ZIQ0DTT61AXV6JWY27R8,window_resize,1935,"[1022, 767]",1545251717027
A1AQQFJAF8CI4H:358UUM7WR1ZIQ0DTT61AXV6JWY27R8,window_resize,686,"[1600, 841]",1545251717713
A1AQQFJAF8CI4H:358UUM7WR1ZIQ0DTT61AXV6JWY27R8,focus,2019,off,1545251719732
A1AQQFJAF8CI4H:358UUM7WR1ZIQ0DTT61AXV6JWY27R8,focus,44890,on,1545251764622
A1AQQFJAF8CI4H:358UUM7WR1ZIQ0DTT61AXV6JWY27R8,window_resize,272,"[1022, 767]",1545251764894
A1AQQFJAF8CI4H:358UUM7WR1ZIQ0DTT61AXV6JWY27R8,window_resize,667,"[1600, 841]",1545251765561
A1AQQFJAF8CI4H:358UUM7WR1ZIQ0DTT61AXV6JWY27R8,focus,2795,off,1545251768356
A1AQQFJAF8CI4H:358UUM7WR1ZIQ0DTT61AXV6JWY27R8,focus,1764366,on,1545253532722
A1AQQFJAF8CI4H:358UUM7WR1ZIQ0DTT61AXV6JWY27R8,focus,132,off,1545253532854
A1AQQFJAF8CI4H:358UUM7WR1ZIQ0DTT61AXV6JWY27R8,focus,6846913,on,1545260379767
A1AQQFJAF8CI4H:358UUM7WR1ZIQ0DTT61AXV6JWY27R8,focus,156083,off,1545260535850
A1AQQFJAF8CI4H:358UUM7WR1ZIQ0DTT61AXV6JWY27R8,focus,9656,on,1545260545506
A1AQQFJAF8CI4H:358UUM7WR1ZIQ0DTT61AXV6JWY27R8,focus,714867,off,1545261260373
A1AQQFJAF8CI4H:358UUM7WR1ZIQ0DTT61AXV6JWY27R8,focus,382753,on,1545261643126
AADRVG2QVZH75:3907X2AHF21QSM08A2GQW9PWK0S2PV,initialized,0,,1545253767464
AADRVG2QVZH75:3907X2AHF21QSM08A2GQW9PWK0S2PV,window_resize,0,"[1024, 746]",1545253767464
AADRVG2QVZH75:3907X2AHF21QSM08A2GQW9PWK0S2PV,focus,3913,off,1545253771377
AADRVG2QVZH75:3907X2AHF21QSM08A2GQW9PWK0S2PV,focus,2989,on,1545253774366
AADRVG2QVZH75:3907X2AHF21QSM08A2GQW9PWK0S2PV,window_resize,1198,"[1680, 1050]",1545253775564
AADRVG2QVZH75:3907X2AHF21QSM08A2GQW9PWK0S2PV,focus,563279,off,1545254338843
AADRVG2QVZH75:3907X2AHF21QSM08A2GQW9PWK0S2PV,focus,68673,on,1545254407516
AADRVG2QVZH75:3907X2AHF21QSM08A2GQW9PWK0S2PV,focus,20695,off,1545254428211
AADRVG2QVZH75:3907X2AHF21QSM08A2GQW9PWK0S2PV,focus,7122,on,1545254435333
AADRVG2QVZH75:3907X2AHF21QSM08A2GQW9PWK0S2PV,focus,90494,off,1545254525827
AADRVG2QVZH75:3907X2AHF21QSM08A2GQW9PWK0S2PV,focus,5142,on,1545254530969
AADRVG2QVZH75:3907X2AHF21QSM08A2GQW9PWK0S2PV,focus,907310,off,1545255438279
AADRVG2QVZH75:3907X2AHF21QSM08A2GQW9PWK0S2PV,focus,182970,on,1545255621249
AADRVG2QVZH75:3907X2AHF21QSM08A2GQW9PWK0S2PV,focus,10155,off,1545255631404
AADRVG2QVZH75:3907X2AHF21QSM08A2GQW9PWK0S2PV,focus,44666,on,1545255676070
AADRVG2QVZH75:3907X2AHF21QSM08A2GQW9PWK0S2PV,focus,1777691,off,1545257453761
AADRVG2QVZH75:3907X2AHF21QSM08A2GQW9PWK0S2PV,focus,2243,on,1545257456004
AADRVG2QVZH75:3907X2AHF21QSM08A2GQW9PWK0S2PV,focus,2553,off,1545257458557
AADRVG2QVZH75:3907X2AHF21QSM08A2GQW9PWK0S2PV,focus,1198,on,1545257459755
AADRVG2QVZH75:3907X2AHF21QSM08A2GQW9PWK0S2PV,focus,17175,off,1545257476930
AADRVG2QVZH75:3907X2AHF21QSM08A2GQW9PWK0S2PV,focus,809,on,1545257477739
A2ECXGDFC0NJEL:3JV9LGBJWVAYMGWEUHO09DE7KF0GOC,initialized,0,,1545264948423
A2ECXGDFC0NJEL:3JV9LGBJWVAYMGWEUHO09DE7KF0GOC,window_resize,0,"[1024, 771]",1545264948423
A2ECXGDFC0NJEL:3JV9LGBJWVAYMGWEUHO09DE7KF0GOC,window_resize,1990,"[1920, 1080]",1545264950413
A2RVEG53L48BAE:3DHE4R9OCY7KF9797JQ320B4JAS2GG,initialized,0,,1545258874879
A2RVEG53L48BAE:3DHE4R9OCY7KF9797JQ320B4JAS2GG,window_resize,1,"[1480, 925]",1545258874880
A2RVEG53L48BAE:3DHE4R9OCY7KF9797JQ320B4JAS2GG,window_resize,6654,"[1920, 1080]",1545258881534
A2RVEG53L48BAE:3DHE4R9OCY7KF9797JQ320B4JAS2GG,focus,82709,off,1545258964243
A2RVEG53L48BAE:3DHE4R9OCY7KF9797JQ320B4JAS2GG,focus,13027,on,1545258977270
A1YAHGRFVDZ4X8:3RANCT1ZVHDX8480AH8V78FZMPABUJ,initialized,0,,1545259535800
A1YAHGRFVDZ4X8:3RANCT1ZVHDX8480AH8V78FZMPABUJ,window_resize,0,"[1027, 775]",1545259535800
A1YAHGRFVDZ4X8:3RANCT1ZVHDX8480AH8V78FZMPABUJ,window_resize,3977,"[1740, 979]",1545259539777
A1RVNTC693H3ZN:37UQDCYH6ZRAJ7UA2Q6KYSVMH4F7V1,initialized,0,,1545265039968
A1RVNTC693H3ZN:37UQDCYH6ZRAJ7UA2Q6KYSVMH4F7V1,window_resize,0,"[1536, 774]",1545265039968
A1RVNTC693H3ZN:37UQDCYH6ZRAJ7UA2Q6KYSVMH4F7V1,window_resize,7436,"[1536, 864]",1545265047404
A1RVNTC693H3ZN:37UQDCYH6ZRAJ7UA2Q6KYSVMH4F7V1,focus,610728,off,1545265658132
A1RVNTC693H3ZN:37UQDCYH6ZRAJ7UA2Q6KYSVMH4F7V1,focus,8080,on,1545265666212
A1RVNTC693H3ZN:37UQDCYH6ZRAJ7UA2Q6KYSVMH4F7V1,focus,210972,off,1545265877184
A1RVNTC693H3ZN:37UQDCYH6ZRAJ7UA2Q6KYSVMH4F7V1,focus,1488,on,1545265878672
A1RVNTC693H3ZN:37UQDCYH6ZRAJ7UA2Q6KYSVMH4F7V1,focus,238009,off,1545266116681
A1RVNTC693H3ZN:37UQDCYH6ZRAJ7UA2Q6KYSVMH4F7V1,focus,1090,on,1545266117771
A1RVNTC693H3ZN:37UQDCYH6ZRAJ7UA2Q6KYSVMH4F7V1,focus,661551,off,1545266779322
A1RVNTC693H3ZN:37UQDCYH6ZRAJ7UA2Q6KYSVMH4F7V1,focus,1439,on,1545266780761
A1RVNTC693H3ZN:37UQDCYH6ZRAJ7UA2Q6KYSVMH4F7V1,focus,9667,off,1545266790428
A1RVNTC693H3ZN:37UQDCYH6ZRAJ7UA2Q6KYSVMH4F7V1,focus,2,on,1545266790430
A12ASB8854TT4:3X31TUMD7ZITCG3EZ6N5A967NLF1LJ,initialized,0,,1545266197864
A12ASB8854TT4:3X31TUMD7ZITCG3EZ6N5A967NLF1LJ,window_resize,0,"[1920, 1112]",1545266197864
A12ASB8854TT4:3X31TUMD7ZITCG3EZ6N5A967NLF1LJ,window_resize,2547,"[1920, 1200]",1545266200411
A12ASB8854TT4:3X31TUMD7ZITCG3EZ6N5A967NLF1LJ,focus,1189947,off,1545267390358
A12ASB8854TT4:3X31TUMD7ZITCG3EZ6N5A967NLF1LJ,focus,794251,on,1545268184609
A12ASB8854TT4:3X31TUMD7ZITCG3EZ6N5A967NLF1LJ,focus,447905,off,1545268632514
A12ASB8854TT4:3X31TUMD7ZITCG3EZ6N5A967NLF1LJ,focus,12957,on,1545268645471
A12ASB8854TT4:3X31TUMD7ZITCG3EZ6N5A967NLF1LJ,focus,689072,off,1545269334543
A12ASB8854TT4:3X31TUMD7ZITCG3EZ6N5A967NLF1LJ,focus,1999261,on,1545271333804
A12ASB8854TT4:3X31TUMD7ZITCG3EZ6N5A967NLF1LJ,focus,1327196,off,1545272661000
A12ASB8854TT4:3X31TUMD7ZITCG3EZ6N5A967NLF1LJ,focus,68783,on,1545272729783
A12ASB8854TT4:3X31TUMD7ZITCG3EZ6N5A967NLF1LJ,focus,36928,off,1545272766711
A12ASB8854TT4:3X31TUMD7ZITCG3EZ6N5A967NLF1LJ,focus,425573,on,1545273192284
A1XVEKS9O73ERE:31UV0MXWNS8QAXWRFQS4LJRWIYM5IP,initialized,0,,1545270633299
A1XVEKS9O73ERE:31UV0MXWNS8QAXWRFQS4LJRWIYM5IP,window_resize,0,"[1024, 750]",1545270633299
A1XVEKS9O73ERE:31UV0MXWNS8QAXWRFQS4LJRWIYM5IP,window_resize,5133,"[1536, 864]",1545270638432
A2196WCNDZULFS:3IXQG4FA2VUZOCKXC6D4BCSL94A9B0,initialized,0,,1545271408519
A2196WCNDZULFS:3IXQG4FA2VUZOCKXC6D4BCSL94A9B0,window_resize,0,"[1024, 771]",1545271408519
A2196WCNDZULFS:3IXQG4FA2VUZOCKXC6D4BCSL94A9B0,focus,8771,off,1545271417290
A2196WCNDZULFS:3IXQG4FA2VUZOCKXC6D4BCSL94A9B0,focus,13307,on,1545271430597
A2196WCNDZULFS:3IXQG4FA2VUZOCKXC6D4BCSL94A9B0,window_resize,353,"[1920, 1080]",1545271430950
A3C7COPV48I37D:3L4PIM1GQVC15K9UGFRAA8QG0XARYS,initialized,0,,1545271469710
A3C7COPV48I37D:3L4PIM1GQVC15K9UGFRAA8QG0XARYS,window_resize,0,"[1396, 738]",1545271469710
A3C7COPV48I37D:3L4PIM1GQVC15K9UGFRAA8QG0XARYS,window_resize,9141,"[1396, 785]",1545271478851
A3QPVH0DRW0ZQV:3VHP9MDGRPGRZR3GTS9RWSKEULICFB,initialized,0,,1545276178016
A3QPVH0DRW0ZQV:3VHP9MDGRPGRZR3GTS9RWSKEULICFB,window_resize,0,"[1024, 771]",1545276178016
A3QPVH0DRW0ZQV:3VHP9MDGRPGRZR3GTS9RWSKEULICFB,window_resize,3982,"[1920, 1080]",1545276181998
A3QPVH0DRW0ZQV:3VHP9MDGRPGRZR3GTS9RWSKEULICFB,focus,2352870,off,1545278534868
A3QPVH0DRW0ZQV:3VHP9MDGRPGRZR3GTS9RWSKEULICFB,window_resize,205,"[1920, 1079]",1545278535073
A3QPVH0DRW0ZQV:3VHP9MDGRPGRZR3GTS9RWSKEULICFB,focus,250733,on,1545278785806
A3QPVH0DRW0ZQV:3VHP9MDGRPGRZR3GTS9RWSKEULICFB,window_resize,203,"[1920, 1080]",1545278786009
A2FLZP3C6U67JY:32VNZTT0A90L7DVAR833UJM95XF4RQ,initialized,0,,1545284028167
A2FLZP3C6U67JY:32VNZTT0A90L7DVAR833UJM95XF4RQ,window_resize,0,"[1024, 771]",1545284028167
A2FLZP3C6U67JY:32VNZTT0A90L7DVAR833UJM95XF4RQ,focus,3460,off,1545284031627
A2FLZP3C6U67JY:32VNZTT0A90L7DVAR833UJM95XF4RQ,focus,13199,on,1545284044826
A2FLZP3C6U67JY:32VNZTT0A90L7DVAR833UJM95XF4RQ,window_resize,1382,"[1600, 900]",1545284046208
A1ATL3G98SFW4V:3PXX5PX6LZUDTVU24CR47735FK5ABP,initialized,0,,1545284063389
A1ATL3G98SFW4V:3PXX5PX6LZUDTVU24CR47735FK5ABP,window_resize,0,"[1024, 771]",1545284063389
A1ATL3G98SFW4V:3PXX5PX6LZUDTVU24CR47735FK5ABP,focus,9433,off,1545284072822
A1ATL3G98SFW4V:3PXX5PX6LZUDTVU24CR47735FK5ABP,focus,181,on,1545284073003
A1ATL3G98SFW4V:3PXX5PX6LZUDTVU24CR47735FK5ABP,window_resize,2916,"[1920, 989]",1545284075919
A1ATL3G98SFW4V:3PXX5PX6LZUDTVU24CR47735FK5ABP,window_resize,1707,"[1920, 1080]",1545284077626
A1UT24L635HEZ6:3JW0YLFXRVC2OBVG08JSCADHH4PWW1,initialized,0,,1545284986869
A1UT24L635HEZ6:3JW0YLFXRVC2OBVG08JSCADHH4PWW1,window_resize,0,"[1024, 771]",1545284986869
A1UT24L635HEZ6:3JW0YLFXRVC2OBVG08JSCADHH4PWW1,window_resize,4929,"[1920, 1080]",1545284991798
A38DXFI1TZA295:34FNN24DCO5C0XBWJ8E777LK8L35YM,initialized,0,,1545296026205
A38DXFI1TZA295:34FNN24DCO5C0XBWJ8E777LK8L35YM,window_resize,0,"[1600, 809]",1545296026205
A38DXFI1TZA295:34FNN24DCO5C0XBWJ8E777LK8L35YM,window_resize,5868,"[1600, 900]",1545296032073
A1TARNH07A75CG:30BXRYBRP6TKRL0R59XSB73U2JBWH6,initialized,0,,1545331061036
A1TARNH07A75CG:30BXRYBRP6TKRL0R59XSB73U2JBWH6,window_resize,1,"[1028, 778]",1545331061037
A1TARNH07A75CG:30BXRYBRP6TKRL0R59XSB73U2JBWH6,window_resize,2457,"[1536, 864]",1545331063494
A1TARNH07A75CG:30BXRYBRP6TKRL0R59XSB73U2JBWH6,window_resize,1358,"[1028, 778]",1545331064852
A1TARNH07A75CG:30BXRYBRP6TKRL0R59XSB73U2JBWH6,focus,2410,off,1545331067262
A1TARNH07A75CG:30BXRYBRP6TKRL0R59XSB73U2JBWH6,focus,2753,on,1545331070015
A1TARNH07A75CG:30BXRYBRP6TKRL0R59XSB73U2JBWH6,focus,1256,off,1545331071271
A1TARNH07A75CG:30BXRYBRP6TKRL0R59XSB73U2JBWH6,focus,5779,on,1545331077050
A1TARNH07A75CG:30BXRYBRP6TKRL0R59XSB73U2JBWH6,focus,1213,off,1545331078263
A1TARNH07A75CG:30BXRYBRP6TKRL0R59XSB73U2JBWH6,focus,950,on,1545331079213
A1TARNH07A75CG:30BXRYBRP6TKRL0R59XSB73U2JBWH6,focus,8666,off,1545331087879
A1TARNH07A75CG:30BXRYBRP6TKRL0R59XSB73U2JBWH6,focus,2249,on,1545331090128
A1TARNH07A75CG:30BXRYBRP6TKRL0R59XSB73U2JBWH6,focus,4103,off,1545331094231
A1TARNH07A75CG:30BXRYBRP6TKRL0R59XSB73U2JBWH6,focus,3486,on,1545331097717
A1TARNH07A75CG:30BXRYBRP6TKRL0R59XSB73U2JBWH6,focus,72195,off,1545331169912
A1TARNH07A75CG:30BXRYBRP6TKRL0R59XSB73U2JBWH6,focus,7785,on,1545331177697
A1TARNH07A75CG:30BXRYBRP6TKRL0R59XSB73U2JBWH6,focus,245871,off,1545331423568
A1TARNH07A75CG:30BXRYBRP6TKRL0R59XSB73U2JBWH6,focus,8069,on,1545331431637
A1TARNH07A75CG:30BXRYBRP6TKRL0R59XSB73U2JBWH6,focus,69051,off,1545331500688
A1TARNH07A75CG:30BXRYBRP6TKRL0R59XSB73U2JBWH6,focus,8764,on,1545331509452
A1TARNH07A75CG:30BXRYBRP6TKRL0R59XSB73U2JBWH6,focus,27694,off,1545331537146
A1TARNH07A75CG:30BXRYBRP6TKRL0R59XSB73U2JBWH6,focus,2605,on,1545331539751
A1TARNH07A75CG:30BXRYBRP6TKRL0R59XSB73U2JBWH6,focus,23327,off,1545331563078
A1TARNH07A75CG:30BXRYBRP6TKRL0R59XSB73U2JBWH6,focus,2777,on,1545331565855
A1TARNH07A75CG:30BXRYBRP6TKRL0R59XSB73U2JBWH6,focus,25954,off,1545331591809
A1TARNH07A75CG:30BXRYBRP6TKRL0R59XSB73U2JBWH6,focus,5482,on,1545331597291
A1TARNH07A75CG:30BXRYBRP6TKRL0R59XSB73U2JBWH6,focus,142788,off,1545331740079
A1TARNH07A75CG:30BXRYBRP6TKRL0R59XSB73U2JBWH6,focus,9081,on,1545331749160
A1TARNH07A75CG:30BXRYBRP6TKRL0R59XSB73U2JBWH6,focus,38223,off,1545331787383
A1TARNH07A75CG:30BXRYBRP6TKRL0R59XSB73U2JBWH6,focus,3967,on,1545331791350
A1TARNH07A75CG:30BXRYBRP6TKRL0R59XSB73U2JBWH6,focus,3385,off,1545331794735
A1TARNH07A75CG:30BXRYBRP6TKRL0R59XSB73U2JBWH6,focus,3376,on,1545331798111
A1TARNH07A75CG:30BXRYBRP6TKRL0R59XSB73U2JBWH6,focus,257752,off,1545332055863
A1TARNH07A75CG:30BXRYBRP6TKRL0R59XSB73U2JBWH6,focus,34814,on,1545332090677
